{"accuracy": 0.8590909090909091, "precision": 0.8601554677206852, "recall": 0.8590909090909091, "f1": 0.8591838703453597}